query,barcode,ref_count,alt_count,ambig_count,other_count,support,conflict,nuc:C3457T,nsp3:T749I,nsp6:T77A,nsp13:M429I,nsp15:K259R,S:L452R,S:E484Q,S:P681R,ORF3a:S26L,ORF7a:V82A,N:R203M
Flatland/B.1.1.7/2021,-------X--X,9,0,0,2,0.000000,0.818200,-,-,-,-,-,-,-,X,-,-,X
Flatland/B.1.351/2021,----XXX--X-,7,0,4,0,0.000000,0.636400,-,-,-,-,X,X,X,-,-,X,-
Flatland/P.1/2021,------X---X,9,0,0,2,0.000000,0.818200,-,-,-,-,-,-,X,-,-,-,X
Flatland/P.1_again/2021,------X--XX,8,0,1,2,0.000000,0.727300,-,-,-,-,-,-,X,-,-,X,X
Flatland/B.1.617.1/2021,TIAIRRQRLAM,0,11,0,0,1.000000,0.000000,T,I,A,I,R,R,Q,R,L,A,M
Flatland/B.1.617.2/2021,--A--R-RLAM,5,6,0,0,0.545500,0.454500,-,-,A,-,-,R,-,R,L,A,M
Flatland/B.1.617.2_K417N/2021,-----R-RLAM,6,5,0,0,0.454500,0.545500,-,-,-,-,-,R,-,R,L,A,M
Flatland/AY.4/2021,--A--R-RLAM,5,6,0,0,0.545500,0.454500,-,-,A,-,-,R,-,R,L,A,M
Flatland/AY.4.2/2021,--A--R-RLAM,5,6,0,0,0.545500,0.454500,-,-,A,-,-,R,-,R,L,A,M
Flatland/B.1.427/2021,-----R---X-,9,1,1,0,0.090900,0.818200,-,-,-,-,-,R,-,-,-,X,-
Flatland/B.1.429/2021,-----R-----,10,1,0,0,0.090900,0.909100,-,-,-,-,-,R,-,-,-,-,-
Flatland/B.1.526/2021,-----------,11,0,0,0,0.000000,1.000000,-,-,-,-,-,-,-,-,-,-,-
Flatland/P.3/2021,------XX--X,8,0,0,3,0.000000,0.727300,-,-,-,-,-,-,X,X,-,-,X
Flatland/B.1.525/2020,------X----,10,0,0,1,0.000000,0.909100,-,-,-,-,-,-,X,-,-,-,-
Flatland/P.2/2021,------X---X,9,0,0,2,0.000000,0.818200,-,-,-,-,-,-,X,-,-,-,X
Flatland/C.37/2021,-----X----X,9,0,0,2,0.000000,0.818200,-,-,-,-,-,X,-,-,-,-,X
Flatland/BA.1/2022,------XX--X,8,0,0,3,0.000000,0.727300,-,-,-,-,-,-,X,X,-,-,X
Flatland/BA.2/2022,------XX--X,8,0,0,3,0.000000,0.727300,-,-,-,-,-,-,X,X,-,-,X
Flatland/BA.3/2022,-----XXX--X,7,0,2,2,0.000000,0.636400,-,-,-,-,-,X,X,X,-,-,X
Flatland/XE/2022,------XX--X,8,0,0,3,0.000000,0.727300,-,-,-,-,-,-,X,X,-,-,X
